,handedness,State,Height,Weight,Average,HR,BMI,Handedness
0,B,Normal,72.19178082,173.630137,0.206561644,28.71232877,23.39315068,Both
1,B,Overweight,71.61290323,186.4516129,0.201483871,40.22580645,25.54193548,Both
2,L,Normal,72.975,179.985,0.19582,50.41,23.738,Left
3,L,Overweight,72.26724138,194,0.2195,66.04310345,26.09051724,Left
4,R,Normal,73.06935123,179.0447427,0.169727069,36.09619687,23.54541387,Right
5,R,Overweight,72.56097561,194.8710801,0.189202091,53.17073171,25.9912892,Right
